name,ok,url,note
bird-care-directory,True,https://fe1e4f95.bird-care-directory.pages.dev,
boat-directory,True,https://a9e12b92.boat-directory.pages.dev,
calligraphy-directory,True,https://6f3fa1c8.calligraphy-directory.pages.dev,
car-care-directory,False,,
cleaning-directory,True,https://59bf1529.cleaning-directory.pages.dev,
coding-kids-directory,True,https://eb5675a5.coding-kids-directory.pages.dev,
college-prep-directory,False,,
composting-directory,False,,
cruise-directory,False,,
cybersecurity-directory,False,,
cycling-directory,False,,
datascience-directory,False,,
decluttering-directory,False,,
dental-directory,False,,
dog-care-guide,False,,
drawing-directory,False,,
drums-directory,False,,
ecommerce-directory,False,,
embroidery-directory,False,,
fish-keeping-directory,False,,
freelancing-directory,False,,
furniture-directory,False,,
glutenfree-directory,False,,
golf-directory,False,,
grilling-directory,False,,
hamster-directory,False,,
homeschool-directory,False,,
horse-directory,False,,
interview-directory,False,,
landing,False,,
language-learning-directory,False,,
laundry-directory,False,,
marketing-directory,False,,
mental-health-directory,False,,
model-building-directory,False,,
motorcycle-directory,False,,
moving-directory,False,,
origami-directory,False,,
painting-directory,False,,
parenting-directory,False,,
pest-control-directory,False,,
piano-directory,False,,
posture-directory,False,,
pottery-directory,False,,
productivity-directory,False,,
recycling-directory,False,,
reptile-directory,False,,
resume-directory,False,,
roadtrip-directory,False,,
rv-directory,False,,
singing-directory,False,,
ski-directory,False,,
sleep-directory,False,,
smart-home-directory,False,,
software-directory,False,,
solar-directory,False,,
sourdough-directory,False,,
storage-directory,False,,
study-skills-directory,False,,
sustainability-directory,False,,
swimming-directory,False,,
tech-gadgets-directory,False,,
tennis-directory,False,,
tire-directory,False,,
tutoring-directory,False,,
ukulele-directory,False,,
vegan-directory,False,,
vision-directory,False,,
water-conservation-directory,False,,
webdev-directory,False,,
wedding-directory,False,,
wine-directory,False,,
