name,url,status,size,title
elderly-tips,https://elderly-tips.pages.dev/,200,103471,シニアの知恵袋 | 年金・介護・相続・健康まとめ
forex-guide,https://forex-guide.pages.dev/,200,22268,Forex Guide | Latest information on US forex trading: c
crypto-guide,https://crypto-guide-aor.pages.dev/,200,22258,Crypto Guide | Latest information on US cryptocurrency:
investing-guide,https://investing-guide.pages.dev/,200,22296,Investing Guide | Latest information on US investing: s
retirement-guide,https://retirement-guide.pages.dev/,200,22074,Retirement Guide | Latest information on US retirement 
credit-score-guide,https://credit-score-guide.pages.dev/,200,22151,Credit Score Guide | Latest information on US credit sc
mortgage-guide,https://mortgage-guide.pages.dev/,200,22102,"Mortgage Guide | Latest information on US mortgages, in"
tax-filing-guide,https://tax-filing-guide.pages.dev/,200,22253,"Tax Filing Guide | Complete guide to US tax filing, ded"
financial-advisor-guide,https://financial-advisor-guide.pages.dev/,200,21162,Financial Advisor Guide | Latest information on choosin
home-buying-guide,https://home-buying-guide-728.pages.dev/,200,20936,Home Buying Guide | Latest information on buying a home
financial-aid-guide,https://financial-aid-guide.pages.dev/,200,20922,Financial Aid Guide | Latest information on US financia
tax-planning-guide,https://tax-planning-guide.pages.dev/,200,20987,Tax Planning Guide | Latest information on US tax plann
medicaid-guide,https://medicaid-guide.pages.dev/,200,20829,Medicaid Guide | Latest information on US Medicaid: eli
unemployment-benefits-guide,https://unemployment-benefits-guide.pages.dev/,200,21117,Unemployment Benefits Guide | Latest information on US 
student-loan-guide,https://student-loan-guide.pages.dev/,200,21244,Student Loan Guide | Latest information on US student l
elder-care-guide,https://elder-care-guide.pages.dev/,200,21165,"Elder Care Guide | Latest information on US elder care,"
insurance-claims-guide,https://insurance-claims-guide.pages.dev/,200,21002,Insurance Claims Guide | Latest information on filing U
retirement-income-tax-guide,https://retirement-income-tax-guide.pages.dev/,200,21227,Retirement Income Tax Guide | Latest information on US 
emergency-fund-guide,https://emergency-fund-guide.pages.dev/,200,20902,Emergency Fund Guide | Latest information on building a
insurance-policy-guide,https://insurance-policy-guide.pages.dev/,200,21029,Insurance Policy Guide | Latest information on US insur
financial-literacy-guide,https://financial-literacy-guide.pages.dev/,200,21116,Financial Literacy Guide | Latest information on US fin
lease-guide,https://lease-guide.pages.dev/,200,20778,Lease Guide | Latest information on US leasing: car lea
charity-tax-guide,https://charity-tax-guide.pages.dev/,200,20906,Charity Tax Guide | Latest information on US charitable
medical-billing-guide,https://medical-billing-guide.pages.dev/,200,21077,Medical Billing Guide | Latest information on US medica
dividend-guide,https://dividend-guide-aip.pages.dev/,200,20819,Dividend Guide | Latest information on US dividend inve
travel-insurance-guide,https://travel-insurance-guide.pages.dev/,200,21116,Travel Insurance Guide | Latest information on US trave
home-improvement-guide,https://home-improvement-guide.pages.dev/,200,21260,Home Improvement Guide | Latest information on US home 
financial-planning-guide,https://financial-planning-guide.pages.dev/,200,21246,Financial Planning Guide | Latest information on US fin
banking-guide,https://banking-guide.pages.dev/,200,21196,Banking Guide | Latest information on US banking: check
personal-loan-guide,https://personal-loan-guide.pages.dev/,200,21140,Personal Loan Guide | Latest information on US personal
rental-guide,https://rental-guide.pages.dev/,200,20912,Rental Guide | Latest information on renting in the US:
auto-loan-guide,https://auto-loan-guide.pages.dev/,200,21027,Auto Loan Guide | Latest information on US auto loans: 
estate-planning-guide,https://estate-planning-guide.pages.dev/,200,21122,Estate Planning Guide | Latest information on US estate
pet-insurance-guide,https://pet-insurance-guide.pages.dev/,200,21061,Pet Insurance Guide | Latest information on US pet insu
side-hustle-hub,https://side-hustle-hub.pages.dev/,200,21132,Side Hustle Hub | How to start and grow a side hustle. 
grant-navigator,https://grant-navigator.pages.dev/,200,24746,Grant Navigator | Latest information on US government g
annuity-guide,https://annuity-guide.pages.dev/,200,20717,Annuity Guide | Latest information on US annuities: typ
disability-insurance-guide,https://disability-insurance-guide.pages.dev/,200,21108,Disability Insurance Guide | Latest information on US d
wealth-management-guide,https://wealth-management-guide.pages.dev/,200,21173,Wealth Management Guide | Latest information on US weal
entrepreneur-guide,https://entrepreneur-guide.pages.dev/,200,20921,Entrepreneur Guide | Latest information on US entrepren
home-equity-guide,https://home-equity-guide.pages.dev/,200,20909,Home Equity Guide | Latest information on US home equit
saving-strategies-guide,https://saving-strategies-guide.pages.dev/,200,21043,Saving Strategies Guide | Latest information on US savi
real-estate-investing-guide,https://real-estate-investing-guide.pages.dev/,200,21189,Real Estate Investing Guide | Latest information on US 
coupon-guide,https://coupon-guide.pages.dev/,200,20994,"Coupon Guide | Latest information on US coupons, deals,"
gig-work-guide,https://gig-work-guide.pages.dev/,200,21085,Gig Work Guide | Latest information on US gig work: dri
hsa-guide,https://hsa-guide.pages.dev/,200,21066,HSA Guide | Latest information on US Health Savings Acc
basketball-directory,https://basketball-directory.pages.dev/,200,2447,Basketball Directory | Find Basketball & Training Resou
hiking-directory,https://hiking-directory.pages.dev/,200,2391,Hiking Directory | Find Hiking & Trail Resources
woodworking-directory,https://woodworking-directory.pages.dev/,200,2432,Woodworking Directory | Find Woodworking & Craft Resour
knitting-directory,https://knitting-directory.pages.dev/,200,2425,Knitting & Crochet Directory | Find Knitting & Crochet 
nutrition-directory,https://nutrition-directory.pages.dev/,200,2446,Nutrition Directory | Find Nutrition & Healthy Eating R
camping-directory,https://camping-directory.pages.dev/,200,2587,Camping & Outdoors Directory | Find Camping & Outdoor R
coffee-directory,https://coffee-directory.pages.dev/,200,2405,Coffee Directory | Find Coffee & Brewing Resources
appliance-directory,https://appliance-directory.pages.dev/,200,2470,Appliance Directory | Find Appliance Repair & Care Reso
beach-directory,https://beach-directory.pages.dev/,200,2414,Beach Directory | Find Beach & Coastal Resources
beekeeping-directory,https://beekeeping-directory.pages.dev/,200,2401,Beekeeping Directory | Find Beekeeping & Hive Resources
baby-directory,https://baby-directory.pages.dev/,200,2457,Baby & Parenting Directory | Find Baby Care & Parenting
running-directory,https://running-directory.pages.dev/,200,2400,Running Directory | Find Running & Marathon Resources
meditation-directory,https://meditation-directory.pages.dev/,200,2437,Meditation Directory | Find Meditation & Mindfulness Re
cat-care-directory,https://cat-care-directory.pages.dev/,200,2531,Cat Care Directory | Find Cat Care & Health Resources
dog-care-directory,https://dog-care-directory.pages.dev/,200,2587,Dog Care Directory | Find Dog Care & Training Resources
credit-card-rewards-guide,https://credit-card-rewards-guide.pages.dev/,200,21091,Credit Card Rewards Guide | Latest information on US cr
japan-signal,https://japan-signal.pages.dev/,200,2410,Japan Signal — English feed of what's really moving in 
kasan-checker,https://kasan-checker.pages.dev/,200,10295,加算チェッカー｜介護事業者の取り忘れ加算を可視化する月額サービス
the-last-word,https://the-last-word.pages.dev/,200,32137,The Last Word — Human Approval for Irreversible Agent A
subscription-guide,https://subscription-guide-c84.pages.dev/,200,9348,Subscription Guide | Latest information on managing sub
career-guide,https://career-guide-dbn.pages.dev/,200,9277,Career Guide | Latest information on US careers: job se
small-business-guide,https://small-business-guide-bgu.pages.dev/,200,9073,Small Business Guide | Latest information on starting a
insurance-guide,https://insurance-guide-x35.pages.dev/,200,8946,Insurance Guide | Latest information on US insurance: h
ai-japan-hotels,https://ai-japan-hotels.pages.dev/,200,156084,AI Japan Hotels — Ask AI to Book Your Japan Trip | WebM
hai-lab,https://hai-lab.pages.dev/,200,26064,hai_Lab — AIでビジネスを加速する
yoga-directory,https://yoga-directory.pages.dev/,200,2363,Yoga Directory | Find Yoga & Meditation Resources
travel-directory,https://travel-directory.pages.dev/,200,2445,Travel Directory | Find Travel & Destination Resources
sewing-directory,https://sewing-directory.pages.dev/,200,2353,Sewing Directory | Find Sewing & Quilting Resources
photography-directory,https://photography-directory.pages.dev/,200,2466,Photography Directory | Find Photography & Camera Resou
interior-design-directory,https://interior-design-directory.pages.dev/,200,2466,Interior Design Directory | Find Interior Design Resour
guitar-directory,https://guitar-directory.pages.dev/,200,2343,Guitar Directory | Find Guitar & Music Resources
gardening-directory,https://gardening-directory.pages.dev/,200,2474,Gardening Directory | Find Gardening & Plant Care Resou
fitness-directory,https://fitness-directory.pages.dev/,200,2414,Fitness Directory | Find Fitness & Workout Resources
diy-home-directory,https://diy-home-directory.pages.dev/,200,2499,DIY Home Improvement Directory | Find DIY & Home Improv
cooking-directory,https://cooking-directory.pages.dev/,200,2482,Cooking & Recipes Directory | Find Cooking & Recipe Res
bicycle-directory,https://bicycle-directory.pages.dev/,200,2224,Bicycle Directory | Find Bicycle & Commuting Resources
baking-directory,https://baking-directory.pages.dev/,200,2407,Baking Directory | Find Baking & Dessert Resources
ai-tools-directory,https://ai-tools-directory-6ny.pages.dev/,200,2401,AI Tools Directory | Find AI Tools & Applications
agentic-guides,https://agentic-guides.pages.dev/,200,21983,Agentic Guides | AI-Agent-Ready Content Sites
pickaxe-landing,https://pickaxe-landing.pages.dev/,200,17982,Pickaxe Inventory — The Best Stocky Alternative for Sho
nokosu-memo,https://nokosu-memo.pages.dev/,200,17647,のこすメモ - デジタル遺言サービス
eishinringyou,https://eishinringyou.pages.dev/,200,30450,英伸林業 | 川野光英 — 大分の伐採・作業道開設・庭の木の伐採
vevestpicks,https://vevestpicks.pages.dev/,200,39305,Best Kitchen Gadgets 2026: 10 Tested & Compared (Under 
ai-tools-communication,https://ai-tools-communication.pages.dev/,200,93197,AIツール通信 - 最新のAIツール・サービスを毎日レビュー・比較
pickaxe-mind,https://pickaxe-mind.pages.dev/,200,27032,Pickaxe Mind
pickaxe-tools,https://pickaxe-tools.pages.dev/,200,6918,AI Tools for Shopify Merchants | Pickaxe Tools
pickaxe-inventory,https://pickaxe-inventory.pages.dev/,200,103473,Pickaxe Inventory
pickaxe-product-ai,https://pickaxe-product-ai.pages.dev/,200,30275,Pickaxe Product AI
veblack,https://veblack.pages.dev/,522,0,
