name,url,status,size,title,err
ai-tools-directory,https://ai-tools-directory.pages.dev/,200,145194,myaibot.ai - The Ultimate AI Tools Directory,
annuity-guide,https://annuity-guide.pages.dev/,200,20717,"Annuity Guide | Latest information on US annuities: types, p",
appliance-directory,https://appliance-directory.pages.dev/,200,2470,Appliance Directory | Find Appliance Repair & Care Resources,
auto-loan-guide,https://auto-loan-guide.pages.dev/,200,21027,Auto Loan Guide | Latest information on US auto loans: rates,
baby-directory,https://baby-directory.pages.dev/,200,2457,Baby & Parenting Directory | Find Baby Care & Parenting Reso,
baking-directory,https://baking-directory.pages.dev/,200,2407,Baking Directory | Find Baking & Dessert Resources,
banking-guide,https://banking-guide.pages.dev/,200,21196,Banking Guide | Latest information on US banking: checking a,
basketball-directory,https://basketball-directory.pages.dev/,200,2447,Basketball Directory | Find Basketball & Training Resources,
beach-directory,https://beach-directory.pages.dev/,200,2414,Beach Directory | Find Beach & Coastal Resources,
beekeeping-directory,https://beekeeping-directory.pages.dev/,200,2401,Beekeeping Directory | Find Beekeeping & Hive Resources,
bicycle-directory,https://bicycle-directory.pages.dev/,200,2224,Bicycle Directory | Find Bicycle & Commuting Resources,
bird-care-directory,https://bird-care-directory.pages.dev/,0,0,,<urlopen error [Errno 11001] getaddrinfo
boat-directory,https://boat-directory.pages.dev/,0,0,,<urlopen error [Errno 11001] getaddrinfo
calligraphy-directory,https://calligraphy-directory.pages.dev/,0,0,,<urlopen error [Errno 11001] getaddrinfo
camping-directory,https://camping-directory.pages.dev/,200,2587,Camping & Outdoors Directory | Find Camping & Outdoor Resour,
car-care-directory,https://car-care-directory.pages.dev/,200,13081,CarCareHub — Find the Best Car Care Services Near You,
career-guide,https://career-guide.pages.dev/,200,1013,Career Guide - 커리어 성장 플랫폼,
cat-care-directory,https://cat-care-directory.pages.dev/,200,2531,Cat Care Directory | Find Cat Care & Health Resources,
charity-tax-guide,https://charity-tax-guide.pages.dev/,200,20906,Charity Tax Guide | Latest information on US charitable givi,
cleaning-directory,https://cleaning-directory.pages.dev/,0,0,,<urlopen error [Errno 11001] getaddrinfo
coding-kids-directory,https://coding-kids-directory.pages.dev/,0,0,,<urlopen error [Errno 11001] getaddrinfo
coffee-directory,https://coffee-directory.pages.dev/,200,2405,Coffee Directory | Find Coffee & Brewing Resources,
college-prep-directory,https://college-prep-directory.pages.dev/,0,0,,<urlopen error [Errno 11001] getaddrinfo
composting-directory,https://composting-directory.pages.dev/,0,0,,<urlopen error [Errno 11001] getaddrinfo
cooking-directory,https://cooking-directory.pages.dev/,200,2482,Cooking & Recipes Directory | Find Cooking & Recipe Resource,
coupon-guide,https://coupon-guide.pages.dev/,200,20994,"Coupon Guide | Latest information on US coupons, deals, and ",
credit-card-rewards-guide,https://credit-card-rewards-guide.pages.dev/,200,21091,Credit Card Rewards Guide | Latest information on US credit ,
credit-score-guide,https://credit-score-guide.pages.dev/,200,22151,"Credit Score Guide | Latest information on US credit scores,",
cruise-directory,https://cruise-directory.pages.dev/,0,0,,<urlopen error [Errno 11001] getaddrinfo
crypto-guide,https://crypto-guide.pages.dev/,200,400,Redirecting...,
cybersecurity-directory,https://cybersecurity-directory.pages.dev/,0,0,,<urlopen error [Errno 11001] getaddrinfo
cycling-directory,https://cycling-directory.pages.dev/,0,0,,<urlopen error [Errno 11001] getaddrinfo
datascience-directory,https://datascience-directory.pages.dev/,0,0,,<urlopen error [Errno 11001] getaddrinfo
decluttering-directory,https://decluttering-directory.pages.dev/,0,0,,<urlopen error [Errno 11001] getaddrinfo
dental-directory,https://dental-directory.pages.dev/,200,39676,NZDentists — Find a Dentist,
disability-insurance-guide,https://disability-insurance-guide.pages.dev/,200,21108,Disability Insurance Guide | Latest information on US disabi,
dividend-guide,https://dividend-guide.pages.dev/,200,44302,"Dividend Investing Guide: Stocks, Yield &amp; Calculator",
diy-home-directory,https://diy-home-directory.pages.dev/,200,2499,DIY Home Improvement Directory | Find DIY & Home Improvement,
dog-care-directory,https://dog-care-directory.pages.dev/,200,2587,Dog Care Directory | Find Dog Care & Training Resources,
dog-care-guide,https://dog-care-guide.pages.dev/,0,0,,<urlopen error [Errno 11001] getaddrinfo
drawing-directory,https://drawing-directory.pages.dev/,0,0,,<urlopen error [Errno 11001] getaddrinfo
drums-directory,https://drums-directory.pages.dev/,0,0,,<urlopen error [Errno 11001] getaddrinfo
ecommerce-directory,https://ecommerce-directory.pages.dev/,0,0,,<urlopen error [Errno 11001] getaddrinfo
elder-care-guide,https://elder-care-guide.pages.dev/,200,21165,"Elder Care Guide | Latest information on US elder care, Medi",
embroidery-directory,https://embroidery-directory.pages.dev/,0,0,,<urlopen error [Errno 11001] getaddrinfo
emergency-fund-guide,https://emergency-fund-guide.pages.dev/,200,20902,Emergency Fund Guide | Latest information on building an eme,
entrepreneur-guide,https://entrepreneur-guide.pages.dev/,200,20921,Entrepreneur Guide | Latest information on US entrepreneursh,
estate-planning-guide,https://estate-planning-guide.pages.dev/,200,21122,Estate Planning Guide | Latest information on US estate plan,
financial-advisor-guide,https://financial-advisor-guide.pages.dev/,200,21162,Financial Advisor Guide | Latest information on choosing a U,
financial-aid-guide,https://financial-aid-guide.pages.dev/,200,20922,Financial Aid Guide | Latest information on US financial aid,
financial-literacy-guide,https://financial-literacy-guide.pages.dev/,200,21116,Financial Literacy Guide | Latest information on US financia,
financial-planning-guide,https://financial-planning-guide.pages.dev/,200,21246,Financial Planning Guide | Latest information on US financia,
fish-keeping-directory,https://fish-keeping-directory.pages.dev/,0,0,,<urlopen error [Errno 11001] getaddrinfo
fitness-directory,https://fitness-directory.pages.dev/,200,2414,Fitness Directory | Find Fitness & Workout Resources,
forex-guide,https://forex-guide.pages.dev/,200,22268,Forex Guide | Latest information on US forex trading: curren,
freelancing-directory,https://freelancing-directory.pages.dev/,0,0,,<urlopen error [Errno 11001] getaddrinfo
furniture-directory,https://furniture-directory.pages.dev/,0,0,,<urlopen error [Errno 11001] getaddrinfo
gardening-directory,https://gardening-directory.pages.dev/,200,2474,Gardening Directory | Find Gardening & Plant Care Resources,
gig-work-guide,https://gig-work-guide.pages.dev/,200,21085,"Gig Work Guide | Latest information on US gig work: driving,",
glutenfree-directory,https://glutenfree-directory.pages.dev/,0,0,,<urlopen error [Errno 11001] getaddrinfo
golf-directory,https://golf-directory.pages.dev/,0,0,,<urlopen error [Errno 11001] getaddrinfo
grant-navigator,https://grant-navigator.pages.dev/,200,24746,Grant Navigator | Latest information on US government grants,
grilling-directory,https://grilling-directory.pages.dev/,0,0,,<urlopen error [Errno 11001] getaddrinfo
guitar-directory,https://guitar-directory.pages.dev/,200,2343,Guitar Directory | Find Guitar & Music Resources,
hamster-directory,https://hamster-directory.pages.dev/,0,0,,<urlopen error [Errno 11001] getaddrinfo
hiking-directory,https://hiking-directory.pages.dev/,200,2391,Hiking Directory | Find Hiking & Trail Resources,
home-buying-guide,https://home-buying-guide.pages.dev/,401,0,,HTTP Error 401: Unauthorized
home-equity-guide,https://home-equity-guide.pages.dev/,200,20909,Home Equity Guide | Latest information on US home equity: HE,
home-improvement-guide,https://home-improvement-guide.pages.dev/,200,21260,Home Improvement Guide | Latest information on US home impro,
homeschool-directory,https://homeschool-directory.pages.dev/,0,0,,<urlopen error [Errno 11001] getaddrinfo
horse-directory,https://horse-directory.pages.dev/,200,197155,"The Horse Directory — 2,500+ Equestrian Businesses",
hsa-guide,https://hsa-guide.pages.dev/,200,21066,HSA Guide | Latest information on US Health Savings Accounts,
insurance-claims-guide,https://insurance-claims-guide.pages.dev/,200,21002,Insurance Claims Guide | Latest information on filing US ins,
insurance-guide,https://insurance-guide.pages.dev/,200,2194,Connecting you with an agent...,
insurance-policy-guide,https://insurance-policy-guide.pages.dev/,200,21029,Insurance Policy Guide | Latest information on US insurance ,
interior-design-directory,https://interior-design-directory.pages.dev/,200,2466,Interior Design Directory | Find Interior Design Resources,
interview-directory,https://interview-directory.pages.dev/,0,0,,<urlopen error [Errno 11001] getaddrinfo
investing-guide,https://investing-guide.pages.dev/,200,22296,Investing Guide | Latest information on US investing: stocks,
knitting-directory,https://knitting-directory.pages.dev/,200,2425,Knitting & Crochet Directory | Find Knitting & Crochet Resou,
language-learning-directory,https://language-learning-directory.pages.dev/,0,0,,<urlopen error [Errno 11001] getaddrinfo
laundry-directory,https://laundry-directory.pages.dev/,0,0,,<urlopen error [Errno 11001] getaddrinfo
lease-guide,https://lease-guide.pages.dev/,200,20778,"Lease Guide | Latest information on US leasing: car leases, ",
marketing-directory,https://marketing-directory.pages.dev/,0,0,,<urlopen error [Errno 11001] getaddrinfo
medicaid-guide,https://medicaid-guide.pages.dev/,200,20829,Medicaid Guide | Latest information on US Medicaid: eligibil,
medical-billing-guide,https://medical-billing-guide.pages.dev/,200,21077,Medical Billing Guide | Latest information on US medical bil,
meditation-directory,https://meditation-directory.pages.dev/,200,2437,Meditation Directory | Find Meditation & Mindfulness Resourc,
mental-health-directory,https://mental-health-directory.pages.dev/,0,0,,<urlopen error [Errno 11001] getaddrinfo
model-building-directory,https://model-building-directory.pages.dev/,0,0,,<urlopen error [Errno 11001] getaddrinfo
mortgage-guide,https://mortgage-guide.pages.dev/,200,22102,"Mortgage Guide | Latest information on US mortgages, interes",
motorcycle-directory,https://motorcycle-directory.pages.dev/,0,0,,<urlopen error [Errno 11001] getaddrinfo
moving-directory,https://moving-directory.pages.dev/,0,0,,<urlopen error [Errno 11001] getaddrinfo
nutrition-directory,https://nutrition-directory.pages.dev/,200,2446,Nutrition Directory | Find Nutrition & Healthy Eating Resour,
origami-directory,https://origami-directory.pages.dev/,0,0,,<urlopen error [Errno 11001] getaddrinfo
painting-directory,https://painting-directory.pages.dev/,0,0,,<urlopen error [Errno 11001] getaddrinfo
parenting-directory,https://parenting-directory.pages.dev/,200,25883,Parent Therapists: Compare US Therapists Who Work With Paren,
personal-loan-guide,https://personal-loan-guide.pages.dev/,200,21140,Personal Loan Guide | Latest information on US personal loan,
pest-control-directory,https://pest-control-directory.pages.dev/,0,0,,<urlopen error [Errno 11001] getaddrinfo
pet-insurance-guide,https://pet-insurance-guide.pages.dev/,200,21061,Pet Insurance Guide | Latest information on US pet insurance,
photography-directory,https://photography-directory.pages.dev/,200,2466,Photography Directory | Find Photography & Camera Resources,
piano-directory,https://piano-directory.pages.dev/,0,0,,<urlopen error [Errno 11001] getaddrinfo
posture-directory,https://posture-directory.pages.dev/,0,0,,<urlopen error [Errno 11001] getaddrinfo
pottery-directory,https://pottery-directory.pages.dev/,0,0,,<urlopen error [Errno 11001] getaddrinfo
productivity-directory,https://productivity-directory.pages.dev/,0,0,,<urlopen error [Errno 11001] getaddrinfo
real-estate-investing-guide,https://real-estate-investing-guide.pages.dev/,200,21189,Real Estate Investing Guide | Latest information on US real ,
recycling-directory,https://recycling-directory.pages.dev/,0,0,,<urlopen error [Errno 11001] getaddrinfo
rental-guide,https://rental-guide.pages.dev/,200,20912,Rental Guide | Latest information on renting in the US: find,
reptile-directory,https://reptile-directory.pages.dev/,0,0,,<urlopen error [Errno 11001] getaddrinfo
resume-directory,https://resume-directory.pages.dev/,0,0,,<urlopen error [Errno 11001] getaddrinfo
retirement-guide,https://retirement-guide.pages.dev/,200,22074,Retirement Guide | Latest information on US retirement plann,
retirement-income-tax-guide,https://retirement-income-tax-guide.pages.dev/,200,21227,Retirement Income Tax Guide | Latest information on US retir,
roadtrip-directory,https://roadtrip-directory.pages.dev/,0,0,,<urlopen error [Errno 11001] getaddrinfo
running-directory,https://running-directory.pages.dev/,200,2400,Running Directory | Find Running & Marathon Resources,
rv-directory,https://rv-directory.pages.dev/,0,0,,<urlopen error [Errno 11001] getaddrinfo
saving-strategies-guide,https://saving-strategies-guide.pages.dev/,200,21043,Saving Strategies Guide | Latest information on US saving st,
sewing-directory,https://sewing-directory.pages.dev/,200,2353,Sewing Directory | Find Sewing & Quilting Resources,
side-hustle-hub,https://side-hustle-hub.pages.dev/,200,21132,Side Hustle Hub | How to start and grow a side hustle. Lates,
singing-directory,https://singing-directory.pages.dev/,0,0,,<urlopen error [Errno 11001] getaddrinfo
ski-directory,https://ski-directory.pages.dev/,0,0,,<urlopen error [Errno 11001] getaddrinfo
sleep-directory,https://sleep-directory.pages.dev/,0,0,,<urlopen error [Errno 11001] getaddrinfo
small-business-guide,https://small-business-guide.pages.dev/,200,132273,მცირე მეწარმის გზამკვლევი,
smart-home-directory,https://smart-home-directory.pages.dev/,0,0,,<urlopen error [Errno 11001] getaddrinfo
software-directory,https://software-directory.pages.dev/,0,0,,<urlopen error [Errno 11001] getaddrinfo
solar-directory,https://solar-directory.pages.dev/,0,0,,<urlopen error [Errno 11001] getaddrinfo
sourdough-directory,https://sourdough-directory.pages.dev/,0,0,,<urlopen error [Errno 11001] getaddrinfo
storage-directory,https://storage-directory.pages.dev/,0,0,,<urlopen error [Errno 11001] getaddrinfo
student-loan-guide,https://student-loan-guide.pages.dev/,200,21244,"Student Loan Guide | Latest information on US student loans,",
study-skills-directory,https://study-skills-directory.pages.dev/,0,0,,<urlopen error [Errno 11001] getaddrinfo
subscription-guide,https://subscription-guide.pages.dev/,200,9129,"구독료, 정가로 내고 있어? — cheapthis",
sustainability-directory,https://sustainability-directory.pages.dev/,0,0,,<urlopen error [Errno 11001] getaddrinfo
swimming-directory,https://swimming-directory.pages.dev/,0,0,,<urlopen error [Errno 11001] getaddrinfo
tax-filing-guide,https://tax-filing-guide.pages.dev/,200,22253,"Tax Filing Guide | Complete guide to US tax filing, deductio",
tax-planning-guide,https://tax-planning-guide.pages.dev/,200,20987,Tax Planning Guide | Latest information on US tax planning: ,
tech-gadgets-directory,https://tech-gadgets-directory.pages.dev/,0,0,,<urlopen error [Errno 11001] getaddrinfo
tennis-directory,https://tennis-directory.pages.dev/,0,0,,<urlopen error [Errno 11001] getaddrinfo
tire-directory,https://tire-directory.pages.dev/,0,0,,<urlopen error [Errno 11001] getaddrinfo
travel-directory,https://travel-directory.pages.dev/,200,2445,Travel Directory | Find Travel & Destination Resources,
travel-insurance-guide,https://travel-insurance-guide.pages.dev/,200,21116,Travel Insurance Guide | Latest information on US travel ins,
tutoring-directory,https://tutoring-directory.pages.dev/,0,0,,<urlopen error [Errno 11001] getaddrinfo
ukulele-directory,https://ukulele-directory.pages.dev/,0,0,,<urlopen error [Errno 11001] getaddrinfo
unemployment-benefits-guide,https://unemployment-benefits-guide.pages.dev/,200,21117,Unemployment Benefits Guide | Latest information on US unemp,
vegan-directory,https://vegan-directory.pages.dev/,200,187431,Vegan Eats Now | Global Verified Directory,
vision-directory,https://vision-directory.pages.dev/,0,0,,<urlopen error [Errno 11001] getaddrinfo
water-conservation-directory,https://water-conservation-directory.pages.dev/,0,0,,<urlopen error [Errno 11001] getaddrinfo
wealth-management-guide,https://wealth-management-guide.pages.dev/,200,21173,Wealth Management Guide | Latest information on US wealth ma,
webdev-directory,https://webdev-directory.pages.dev/,0,0,,<urlopen error [Errno 11001] getaddrinfo
wedding-directory,https://wedding-directory.pages.dev/,404,0,,HTTP Error 404: Not Found
wine-directory,https://wine-directory.pages.dev/,0,0,,<urlopen error [Errno 11001] getaddrinfo
woodworking-directory,https://woodworking-directory.pages.dev/,200,2432,Woodworking Directory | Find Woodworking & Craft Resources,
yoga-directory,https://yoga-directory.pages.dev/,200,2363,Yoga Directory | Find Yoga & Meditation Resources,
